expiration,strike,option_type,bid,ask,last,volume
2025-06-25,10.0,call,9.1,13.35,11.0,1.0
2025-06-25,11.0,call,8.1,12.35,8.2,1.0
2025-06-25,11.5,call,7.6,11.85,10.23,1.0
2025-06-25,12.0,call,7.1,11.35,9.68,2.0
2025-06-25,12.5,call,8.65,9.0,8.45,1.0
2025-06-25,13.5,call,7.65,8.0,6.45,
2025-06-25,14.0,call,7.05,7.4,6.85,31.0
2025-06-25,14.5,call,6.8,7.02,6.45,193.0
2025-06-25,15.0,call,6.15,6.44,6.31,15.0
2025-06-25,16.0,call,5.2,5.55,4.45,2.0
2025-06-25,17.0,call,4.3,4.38,3.6,36.0
2025-06-25,18.0,call,3.2,3.55,3.0,496.0
2025-06-25,19.0,call,2.49,2.5,2.5,286.0
2025-06-25,20.0,call,1.66,1.8,1.74,1855.0
2025-06-25,21.0,call,1.3,1.4,1.34,1246.0
2025-06-25,22.0,call,0.94,1.0,0.97,812.0
2025-06-25,23.0,call,0.69,0.78,0.66,394.0
2025-06-25,24.0,call,0.56,0.7,0.57,544.0
2025-06-25,25.0,call,0.49,0.59,0.55,740.0
2025-06-25,26.0,call,0.41,0.53,0.45,21.0
2025-06-25,27.0,call,0.34,0.46,0.27,25.0
2025-06-25,28.0,call,0.3,0.39,0.28,579.0
2025-06-25,29.0,call,0.26,0.34,0.28,47.0
2025-06-25,30.0,call,0.24,0.3,0.25,1425.0
2025-06-25,31.0,call,0.19,0.27,0.17,65.0
2025-06-25,32.0,call,0.18,0.26,0.16,4.0
2025-06-25,33.0,call,0.15,0.24,0.17,15.0
2025-06-25,34.0,call,0.13,0.2,0.14,33.0
2025-06-25,35.0,call,0.13,0.19,0.08,142.0
2025-06-25,36.0,call,0.09,0.17,0.08,8.0
2025-06-25,37.0,call,0.08,0.12,0.1,7.0
2025-06-25,38.0,call,0.08,0.14,0.08,51.0
2025-06-25,39.0,call,0.07,0.15,0.19,1.0
2025-06-25,40.0,call,0.06,0.1,0.08,286.0
2025-06-25,42.5,call,0.05,0.1,0.05,35.0
2025-06-25,45.0,call,0.03,0.1,0.05,58.0
2025-06-25,47.5,call,0.03,0.08,0.05,1.0
2025-06-25,50.0,call,0.03,0.08,0.05,29.0
2025-06-25,55.0,call,0.01,0.07,0.03,67.0
2025-06-25,60.0,call,0.01,0.03,0.02,107.0
2025-06-25,65.0,call,0.0,0.06,0.03,9.0
2025-06-25,70.0,call,0.0,0.06,0.05,11.0
2025-06-25,75.0,call,0.0,0.06,0.03,1.0
2025-06-25,80.0,call,0.0,0.06,0.01,9.0
2025-06-25,85.0,call,0.0,0.05,0.02,2.0
2025-06-25,90.0,call,0.0,0.04,0.04,1.0
2025-06-25,100.0,call,0.0,0.05,0.05,4.0
2025-06-25,10.0,put,0.0,0.01,0.01,1.0
2025-06-25,11.5,put,0.0,0.01,0.01,6.0
2025-06-25,12.0,put,0.0,0.01,0.01,2.0
2025-06-25,13.0,put,0.0,0.04,0.01,1.0
2025-06-25,13.5,put,0.0,0.04,0.01,1.0
2025-06-25,14.0,put,0.0,0.02,0.01,10.0
2025-06-25,14.5,put,0.0,0.02,0.02,7.0
2025-06-25,15.0,put,0.0,0.02,0.02,61.0
2025-06-25,16.0,put,0.01,0.03,0.02,6.0
2025-06-25,17.0,put,0.02,0.03,0.03,51.0
2025-06-25,18.0,put,0.06,0.13,0.1,2477.0
2025-06-25,19.0,put,0.2,0.27,0.24,330.0
2025-06-25,20.0,put,0.5,0.64,0.6,320.0
2025-06-25,21.0,put,1.0,1.16,1.1,23.0
2025-06-25,22.0,put,1.58,1.89,1.99,4.0
2025-06-25,23.0,put,2.32,2.63,2.93,2.0
2025-06-25,24.0,put,3.19,3.49,4.15,3.0
2025-06-25,25.0,put,4.03,4.42,5.05,1.0
2025-06-25,26.0,put,4.91,5.29,6.2,4.0
2025-06-25,27.0,put,6.0,6.31,7.0,1.0
2025-06-25,28.0,put,6.83,7.15,7.65,1.0
2025-06-25,29.0,put,7.8,8.14,7.69,1.0
2025-06-25,30.0,put,8.75,9.05,9.9,10.0
2025-06-25,31.0,put,9.7,10.05,10.52,30.0
2025-06-25,32.0,put,10.8,11.05,11.42,4.0
2025-06-25,33.0,put,11.7,12.0,12.6,1.0
2025-06-25,34.0,put,12.63,13.0,13.85,4.0
2025-06-25,35.0,put,13.65,14.0,14.8,4.0
2025-06-25,36.0,put,14.69,15.0,16.2,
2025-06-25,37.0,put,15.6,15.95,16.4,
2025-06-25,40.0,put,18.51,18.8,20.1,5.0
2025-06-25,60.0,put,39.8,40.1,38.83,
2025-06-25,70.0,put,48.45,48.8,51.55,
2025-06-25,75.0,put,53.49,53.8,56.45,
2025-07-02,12.0,call,7.1,11.35,9.64,3.0
2025-07-02,13.5,call,8.05,8.7,6.4,
2025-07-02,14.5,call,7.0,7.65,5.25,40.0
2025-07-02,15.0,call,6.61,7.14,6.55,10.0
2025-07-02,16.0,call,5.66,6.12,5.04,11.0
2025-07-02,17.0,call,4.6,5.14,4.5,82.0
2025-07-02,18.0,call,3.76,4.0,3.7,6.0
2025-07-02,19.0,call,3.12,3.3,3.3,49.0
2025-07-02,20.0,call,2.52,2.6,2.5,791.0
2025-07-02,21.0,call,1.94,2.15,1.93,191.0
2025-07-02,22.0,call,1.69,1.95,1.75,780.0
2025-07-02,23.0,call,1.36,1.55,1.39,560.0
2025-07-02,24.0,call,1.2,1.39,1.25,39.0
2025-07-02,25.0,call,1.2,1.25,1.2,513.0
2025-07-02,26.0,call,0.91,1.16,0.98,28.0
2025-07-02,27.0,call,0.85,1.04,0.88,29.0
2025-07-02,28.0,call,0.77,0.9,0.78,22.0
2025-07-02,29.0,call,0.69,0.81,0.7,2.0
2025-07-02,30.0,call,0.62,0.79,0.62,131.0
2025-07-02,31.0,call,0.6,0.72,0.55,1.0
2025-07-02,32.0,call,0.55,0.71,0.47,1.0
2025-07-02,33.0,call,0.51,0.62,0.51,1.0
2025-07-02,34.0,call,0.46,0.6,0.24,1.0
2025-07-02,35.0,call,0.42,0.48,0.38,18.0
2025-07-02,36.0,call,0.39,0.5,0.43,22.0
2025-07-02,37.0,call,0.36,0.5,0.33,1.0
2025-07-02,38.0,call,0.34,0.43,0.43,1.0
2025-07-02,39.0,call,0.31,0.45,0.35,1.0
2025-07-02,40.0,call,0.3,0.42,0.3,25.0
2025-07-02,42.5,call,0.25,0.37,0.5,51.0
2025-07-02,45.0,call,0.23,0.33,0.29,10.0
2025-07-02,47.5,call,0.19,0.3,0.2,6.0
2025-07-02,50.0,call,0.17,0.26,0.21,40.0
2025-07-02,55.0,call,0.12,0.21,0.15,1.0
2025-07-02,60.0,call,0.09,0.17,0.07,2.0
2025-07-02,65.0,call,0.07,0.14,0.12,2.0
2025-07-02,70.0,call,0.05,0.12,0.05,2.0
2025-07-02,75.0,call,0.03,0.05,0.05,7.0
2025-07-02,85.0,call,0.01,0.05,0.04,1.0
2025-07-02,90.0,call,0.0,0.05,0.05,1.0
2025-07-02,100.0,call,0.0,0.05,0.05,
2025-07-02,12.0,put,0.0,0.02,0.01,10.0
2025-07-02,13.5,put,0.0,0.03,0.03,10.0
2025-07-02,14.0,put,0.0,0.03,0.03,
2025-07-02,14.5,put,0.01,0.04,0.04,2.0
2025-07-02,15.0,put,0.02,0.04,0.04,41.0
2025-07-02,16.0,put,0.05,0.07,0.06,105.0
2025-07-02,17.0,put,0.06,0.12,0.08,159.0
2025-07-02,18.0,put,0.18,0.27,0.25,144.0
2025-07-02,19.0,put,0.45,0.54,0.52,84.0
2025-07-02,20.0,put,0.8,0.92,0.95,81.0
2025-07-02,21.0,put,1.21,1.48,1.55,6.0
2025-07-02,22.0,put,1.95,2.12,2.0,31.0
2025-07-02,23.0,put,2.55,2.87,3.1,20.0
2025-07-02,24.0,put,3.31,3.74,4.04,1.0
2025-07-02,25.0,put,4.11,4.49,4.9,6.0
2025-07-02,27.0,put,5.91,6.29,8.17,20.0
2025-07-02,28.0,put,6.71,7.19,8.75,10.0
2025-07-02,29.0,put,7.71,8.14,8.8,24.0
2025-07-02,30.0,put,8.66,9.1,9.28,46.0
2025-07-02,31.0,put,9.6,10.2,10.42,30.0
2025-07-02,34.0,put,12.35,12.95,14.18,22.0
2025-07-02,40.0,put,18.15,18.75,19.19,
2025-07-02,50.0,put,28.05,28.6,29.03,
2025-07-02,90.0,put,67.85,68.45,70.67,
2025-07-02,95.0,put,72.85,73.55,75.65,
2025-07-02,100.0,put,77.6,78.4,80.65,
2025-07-09,10.0,call,8.7,13.15,11.1,1.0
2025-07-09,12.0,call,6.7,11.15,10.0,
2025-07-09,13.0,call,5.7,10.15,6.59,
2025-07-09,14.5,call,4.7,8.35,7.0,5.0
2025-07-09,15.0,call,4.81,6.9,8.4,5.0
2025-07-09,16.0,call,4.26,6.19,4.9,41.0
2025-07-09,17.0,call,3.37,5.24,4.75,4.0
2025-07-09,18.0,call,2.81,4.43,3.7,6.0
2025-07-09,19.0,call,2.51,3.64,3.0,6.0
2025-07-09,20.0,call,2.11,2.97,2.45,430.0
2025-07-09,21.0,call,1.77,2.3,1.99,349.0
2025-07-09,22.0,call,1.51,2.11,1.75,124.0
2025-07-09,23.0,call,1.4,1.74,1.6,123.0
2025-07-09,24.0,call,1.2,1.51,1.4,95.0
2025-07-09,25.0,call,1.07,1.24,1.14,212.0
2025-07-09,26.0,call,0.81,1.27,1.1,18.0
2025-07-09,27.0,call,0.86,1.24,0.95,15.0
2025-07-09,28.0,call,0.62,1.04,0.9,3.0
2025-07-09,29.0,call,0.56,0.85,0.77,4.0
2025-07-09,30.0,call,0.63,0.77,0.68,771.0
2025-07-09,31.0,call,0.56,0.93,0.64,7.0
2025-07-09,32.0,call,0.44,0.68,0.69,20.0
2025-07-09,33.0,call,0.42,0.79,0.77,1.0
2025-07-09,34.0,call,0.41,0.61,0.55,5.0
2025-07-09,35.0,call,0.32,0.51,0.44,49.0
2025-07-09,36.0,call,0.34,0.65,0.44,1.0
2025-07-09,37.0,call,0.33,0.59,0.38,20.0
2025-07-09,39.0,call,0.29,0.54,0.42,1.0
2025-07-09,40.0,call,0.29,0.55,0.49,8.0
2025-07-09,42.5,call,0.25,0.46,0.45,1.0
2025-07-09,45.0,call,0.22,0.41,0.3,2.0
2025-07-09,47.5,call,0.2,0.39,0.25,24.0
2025-07-09,50.0,call,0.17,0.35,0.23,12.0
2025-07-09,55.0,call,0.14,0.29,0.27,1.0
2025-07-09,60.0,call,0.1,0.25,0.15,11.0
2025-07-09,65.0,call,0.08,0.22,0.1,1.0
2025-07-09,70.0,call,0.06,0.19,0.19,20.0
2025-07-09,75.0,call,0.05,0.16,0.12,2.0
2025-07-09,80.0,call,0.03,0.15,0.12,2.0
2025-07-09,85.0,call,0.03,0.13,0.1,20.0
2025-07-09,90.0,call,0.02,0.12,0.1,20.0
2025-07-09,95.0,call,0.01,0.11,0.1,20.0
2025-07-09,100.0,call,0.01,0.1,0.05,2.0
2025-07-09,12.0,put,0.0,0.04,0.02,
2025-07-09,13.5,put,0.0,0.05,0.03,1.0
2025-07-09,14.0,put,0.01,0.06,0.04,50.0
2025-07-09,15.0,put,0.02,0.07,0.05,10.0
2025-07-09,16.0,put,0.02,0.15,0.11,1.0
2025-07-09,17.0,put,0.09,0.28,0.27,26.0
2025-07-09,18.0,put,0.46,0.5,0.4,6.0
2025-07-09,19.0,put,0.8,1.09,0.92,26.0
2025-07-09,20.0,put,1.02,1.64,1.4,20.0
2025-07-09,21.0,put,1.6,2.05,2.0,6.0
2025-07-09,22.0,put,2.13,3.19,2.93,10.0
2025-07-09,23.0,put,2.8,4.04,2.92,5.0
2025-07-09,24.0,put,3.61,4.84,4.9,
2025-07-09,25.0,put,4.51,5.79,5.28,5.0
2025-07-16,10.0,call,11.25,11.4,10.45,25.0
2025-07-16,10.5,call,10.75,10.85,10.65,1.0
2025-07-16,11.0,call,10.15,10.25,9.72,2.0
2025-07-16,11.5,call,9.55,9.75,14.05,2.0
2025-07-16,12.0,call,9.2,9.3,8.72,2.0
2025-07-16,12.5,call,8.7,8.8,8.37,1.0
2025-07-16,13.0,call,8.2,8.4,7.69,856.0
2025-07-16,13.5,call,7.75,7.9,7.25,1.0
2025-07-16,14.0,call,7.25,7.4,6.77,1.0
2025-07-16,14.5,call,6.8,6.95,6.3,1.0
2025-07-16,15.0,call,6.3,6.45,6.02,19.0
2025-07-16,15.5,call,5.8,5.9,5.65,1.0
2025-07-16,16.0,call,5.4,5.55,5.0,100.0
2025-07-16,16.5,call,4.95,5.1,4.75,56.0
2025-07-16,17.0,call,4.5,4.65,4.5,328.0
2025-07-16,17.5,call,4.2,4.3,4.05,33.0
2025-07-16,18.0,call,3.85,3.95,3.8,929.0
2025-07-16,18.5,call,3.55,3.7,3.6,54.0
2025-07-16,19.0,call,3.3,3.4,3.27,654.0
2025-07-16,19.5,call,3.0,3.05,3.05,133.0
2025-07-16,20.0,call,2.84,2.89,2.85,1835.0
2025-07-16,20.5,call,2.65,2.73,2.7,2441.0
2025-07-16,21.0,call,2.5,2.56,2.47,6102.0
2025-07-16,21.5,call,2.32,2.38,2.19,2349.0
2025-07-16,22.0,call,2.18,2.23,2.2,2564.0
2025-07-16,22.5,call,2.09,2.13,2.1,738.0
2025-07-16,23.0,call,1.97,2.02,1.97,457.0
2025-07-16,23.5,call,1.84,1.88,1.83,239.0
2025-07-16,24.0,call,1.77,1.81,1.73,1165.0
2025-07-16,24.5,call,1.68,1.72,1.63,258.0
2025-07-16,25.0,call,1.58,1.6,1.58,13576.0
2025-07-16,26.0,call,1.43,1.48,1.35,549.0
2025-07-16,27.0,call,1.28,1.34,1.24,2013.0
2025-07-16,28.0,call,1.19,1.24,1.17,7579.0
2025-07-16,29.0,call,1.1,1.15,1.08,2712.0
2025-07-16,30.0,call,1.03,1.05,1.01,9111.0
2025-07-16,31.0,call,0.95,1.01,0.93,367.0
2025-07-16,32.0,call,0.86,0.92,0.84,573.0
2025-07-16,33.0,call,0.82,0.86,0.83,210.0
2025-07-16,34.0,call,0.78,0.82,0.7,1263.0
2025-07-16,35.0,call,0.74,0.79,0.73,17952.0
2025-07-16,36.0,call,0.69,0.72,0.67,495.0
2025-07-16,37.0,call,0.67,0.71,0.66,601.0
2025-07-16,38.0,call,0.63,0.67,0.63,566.0
2025-07-16,39.0,call,0.61,0.64,0.56,2016.0
2025-07-16,40.0,call,0.57,0.59,0.59,4957.0
2025-07-16,42.5,call,0.52,0.56,0.47,6283.0
2025-07-16,45.0,call,0.45,0.48,0.46,5269.0
2025-07-16,47.5,call,0.42,0.45,0.32,6.0
2025-07-16,50.0,call,0.37,0.41,0.38,4702.0
2025-07-16,55.0,call,0.31,0.33,0.28,2244.0
2025-07-16,60.0,call,0.24,0.28,0.22,5780.0
2025-07-16,65.0,call,0.2,0.23,0.19,97.0
2025-07-16,70.0,call,0.16,0.2,0.19,19.0
2025-07-16,75.0,call,0.14,0.17,0.12,2.0
2025-07-16,80.0,call,0.12,0.15,0.12,2588.0
2025-07-16,85.0,call,0.1,0.14,0.11,108.0
2025-07-16,90.0,call,0.08,0.11,0.09,1.0
2025-07-16,95.0,call,0.07,0.1,0.12,1.0
2025-07-16,100.0,call,0.05,0.09,0.06,20.0
2025-07-16,110.0,call,0.04,0.07,0.06,12.0
2025-07-16,120.0,call,0.02,0.05,0.04,51.0
2025-07-16,130.0,call,0.01,0.05,0.04,1.0
2025-07-16,140.0,call,0.01,0.04,0.04,1.0
2025-07-16,150.0,call,0.0,0.04,0.05,1.0
2025-07-16,160.0,call,0.0,0.04,0.02,93.0
2025-07-16,180.0,call,0.0,0.03,0.02,2.0
2025-07-16,190.0,call,0.0,0.03,0.03,50.0
2025-07-16,200.0,call,0.0,0.03,0.02,151.0
2025-07-16,10.0,put,0.0,0.01,0.01,5.0
2025-07-16,10.5,put,0.0,0.08,0.02,3.0
2025-07-16,11.0,put,0.0,0.02,0.01,1.0
2025-07-16,11.5,put,0.0,0.07,0.12,10.0
2025-07-16,12.0,put,0.0,0.02,0.01,13.0
2025-07-16,12.5,put,0.0,0.05,0.03,2.0
2025-07-16,13.0,put,0.0,0.02,0.01,50.0
2025-07-16,13.5,put,0.01,0.03,0.01,2.0
2025-07-16,14.0,put,0.01,0.02,0.01,27.0
2025-07-16,14.5,put,0.01,0.05,0.04,206.0
2025-07-16,15.0,put,0.04,0.06,0.05,1202.0
2025-07-16,15.5,put,0.06,0.1,0.08,53.0
2025-07-16,16.0,put,0.11,0.14,0.13,10304.0
2025-07-16,16.5,put,0.18,0.21,0.23,1441.0
2025-07-16,17.0,put,0.28,0.31,0.31,25958.0
2025-07-16,17.5,put,0.41,0.45,0.44,1017.0
2025-07-16,18.0,put,0.56,0.61,0.63,4883.0
2025-07-16,18.5,put,0.77,0.8,0.84,1613.0
2025-07-16,19.0,put,0.99,1.03,1.01,31344.0
2025-07-16,19.5,put,1.25,1.3,1.33,43.0
2025-07-16,20.0,put,1.52,1.57,1.65,1130.0
2025-07-16,20.5,put,1.82,1.88,1.98,10246.0
2025-07-16,21.0,put,2.15,2.2,2.3,6189.0
2025-07-16,21.5,put,2.51,2.57,2.52,15006.0
2025-07-16,22.0,put,2.85,2.91,3.1,60.0
2025-07-16,22.5,put,3.2,3.35,3.35,19.0
2025-07-16,23.0,put,3.65,3.75,3.95,9.0
2025-07-16,23.5,put,4.0,4.1,4.15,1102.0
2025-07-16,24.0,put,4.4,4.5,4.7,381.0
2025-07-16,24.5,put,4.85,4.95,5.15,347.0
2025-07-16,25.0,put,5.2,5.35,5.3,483.0
2025-07-16,26.0,put,6.05,6.2,6.16,36.0
2025-07-16,27.0,put,6.9,7.0,7.3,10.0
2025-07-16,28.0,put,7.8,7.9,8.2,12.0
2025-07-16,29.0,put,8.8,8.9,9.0,200.0
2025-07-16,30.0,put,9.6,9.7,10.1,15.0
2025-07-16,31.0,put,10.55,10.7,10.9,3.0
2025-07-16,32.0,put,11.55,11.65,11.95,29.0
2025-07-16,33.0,put,12.45,12.55,13.1,1.0
2025-07-16,34.0,put,13.35,13.5,13.73,3.0
2025-07-16,35.0,put,14.35,14.45,14.15,13.0
2025-07-16,36.0,put,15.25,15.4,15.8,1.0
2025-07-16,37.0,put,16.2,16.35,16.1,1.0
2025-07-16,38.0,put,17.2,17.3,17.95,2.0
2025-07-16,39.0,put,18.15,18.3,18.91,1.0
2025-07-16,40.0,put,19.15,19.3,19.5,220.0
2025-07-16,42.5,put,21.6,21.7,22.5,12.0
2025-07-16,45.0,put,24.05,24.15,25.7,1.0
2025-07-16,47.5,put,26.45,26.6,27.5,1.0
2025-07-16,50.0,put,28.9,29.05,28.95,4.0
2025-07-16,55.0,put,33.9,34.0,35.0,52.0
2025-07-16,60.0,put,38.8,38.9,39.05,7.0
2025-07-16,65.0,put,43.7,43.85,44.24,20.0
2025-07-16,70.0,put,48.65,48.8,49.1,
2025-07-16,75.0,put,53.6,53.8,54.95,
2025-07-16,80.0,put,58.65,58.75,58.97,1.0
2025-07-16,100.0,put,78.45,78.6,78.78,7.0
2025-07-16,130.0,put,0.0,0.0,108.55,1.0
2025-07-16,150.0,put,128.35,128.45,128.3,157.0
2025-07-16,200.0,put,178.05,178.2,179.6,1.0
2025-07-23,15.0,call,6.12,6.53,6.0,5.0
2025-07-23,18.0,call,3.76,4.18,4.14,24.0
2025-07-23,19.0,call,3.17,3.44,3.35,60.0
2025-07-23,20.0,call,2.77,2.99,2.99,191.0
2025-07-23,21.0,call,2.4,2.64,2.55,741.0
2025-07-23,22.0,call,2.14,2.35,2.25,29.0
2025-07-23,23.0,call,1.88,2.03,1.95,84.0
2025-07-23,24.0,call,1.71,1.84,1.83,76.0
2025-07-23,25.0,call,1.53,1.81,1.59,141.0
2025-07-23,26.0,call,1.39,1.67,1.39,10.0
2025-07-23,28.0,call,1.17,1.3,1.4,6.0
2025-07-23,29.0,call,1.07,1.2,1.1,3.0
2025-07-23,30.0,call,1.05,1.1,1.03,24.0
2025-07-23,31.0,call,0.92,1.04,1.0,11.0
2025-07-23,33.0,call,0.81,0.91,0.82,29.0
2025-07-23,35.0,call,0.73,0.91,0.68,16.0
2025-07-23,38.0,call,0.6,0.75,0.79,
2025-07-23,39.0,call,0.59,0.73,0.7,
2025-07-23,40.0,call,0.55,0.7,0.42,5.0
2025-07-23,42.5,call,0.49,0.63,0.5,55.0
2025-07-23,45.0,call,0.45,0.57,0.48,3.0
2025-07-23,50.0,call,0.36,0.48,0.38,37.0
2025-07-23,55.0,call,0.3,0.41,0.35,1.0
2025-07-23,60.0,call,0.25,0.36,0.3,2.0
2025-07-23,90.0,call,0.1,0.13,0.11,1.0
2025-07-23,100.0,call,0.05,0.14,0.11,70.0
2025-07-23,14.0,put,0.01,0.08,0.05,4.0
2025-07-23,14.5,put,0.01,0.09,0.07,
2025-07-23,15.0,put,0.01,0.11,0.05,29.0
2025-07-23,16.0,put,0.07,0.2,0.18,3.0
2025-07-23,17.0,put,0.23,0.38,0.3,5.0
2025-07-23,18.0,put,0.49,0.65,0.59,8.0
2025-07-23,19.0,put,0.9,1.15,1.07,10.0
2025-07-23,20.0,put,1.45,1.73,1.63,35.0
2025-07-23,21.0,put,2.11,2.38,2.22,13.0
2025-07-23,22.0,put,2.78,3.1,3.05,1.0
2025-07-23,24.0,put,4.36,4.67,4.57,5.0
2025-07-23,25.0,put,5.18,5.5,5.54,201.0
2025-07-23,27.0,put,6.9,7.23,7.6,10.0
2025-07-23,30.0,put,9.6,9.95,10.05,2.0
2025-07-23,42.5,put,21.33,21.89,22.0,1.0
2025-08-20,10.0,call,11.6,11.75,11.45,5.0
2025-08-20,10.5,call,11.25,11.6,13.65,1.0
2025-08-20,11.0,call,10.6,10.75,10.1,10.0
2025-08-20,11.5,call,10.15,10.3,9.38,6.0
2025-08-20,12.0,call,9.65,9.8,9.13,50.0
2025-08-20,12.5,call,9.15,9.3,8.29,1.0
2025-08-20,13.0,call,8.65,8.8,8.16,855.0
2025-08-20,13.5,call,8.15,8.25,7.5,2.0
2025-08-20,14.0,call,7.7,7.85,7.6,2.0
2025-08-20,14.5,call,7.2,7.3,6.5,13.0
2025-08-20,15.0,call,6.8,6.9,6.5,7.0
2025-08-20,16.0,call,5.95,6.05,5.8,5.0
2025-08-20,17.0,call,5.2,5.35,5.25,235.0
2025-08-20,18.0,call,4.65,4.75,4.64,122.0
2025-08-20,19.0,call,4.1,4.2,3.9,182.0
2025-08-20,20.0,call,3.65,3.75,3.7,3327.0
2025-08-20,21.0,call,3.35,3.45,3.4,551.0
2025-08-20,22.0,call,3.05,3.15,3.05,115.0
2025-08-20,23.0,call,2.79,2.86,2.82,261.0
2025-08-20,24.0,call,2.57,2.64,2.5,326.0
2025-08-20,25.0,call,2.38,2.45,2.38,503.0
2025-08-20,26.0,call,2.23,2.29,2.06,155.0
2025-08-20,27.0,call,2.04,2.1,2.01,2807.0
2025-08-20,28.0,call,1.92,1.98,1.93,60.0
2025-08-20,29.0,call,1.8,1.86,1.8,74.0
2025-08-20,30.0,call,1.68,1.74,1.72,1232.0
2025-08-20,31.0,call,1.57,1.63,1.54,6.0
2025-08-20,32.0,call,1.49,1.55,1.44,4.0
2025-08-20,33.0,call,1.39,1.44,1.29,4.0
2025-08-20,34.0,call,1.33,1.39,1.29,628.0
2025-08-20,35.0,call,1.25,1.31,1.23,6335.0
2025-08-20,36.0,call,1.21,1.27,1.13,508.0
2025-08-20,37.0,call,1.14,1.2,1.09,150.0
2025-08-20,38.0,call,1.1,1.15,1.01,81.0
2025-08-20,39.0,call,1.04,1.1,1.01,4.0
2025-08-20,40.0,call,0.99,1.05,0.94,131.0
2025-08-20,42.5,call,0.9,0.95,0.9,8.0
2025-08-20,45.0,call,0.82,0.85,0.85,55.0
2025-08-20,47.5,call,0.75,0.8,0.69,2001.0
2025-08-20,50.0,call,0.69,0.74,0.69,9.0
2025-08-20,55.0,call,0.59,0.63,0.52,692.0
2025-08-20,60.0,call,0.51,0.55,0.53,124.0
2025-08-20,65.0,call,0.46,0.5,0.42,6.0
2025-08-20,70.0,call,0.39,0.43,0.36,56.0
2025-08-20,75.0,call,0.36,0.4,0.42,1.0
2025-08-20,80.0,call,0.32,0.35,0.32,19.0
2025-08-20,85.0,call,0.28,0.32,0.27,7.0
2025-08-20,90.0,call,0.26,0.29,0.29,5.0
2025-08-20,95.0,call,0.24,0.27,0.23,42.0
2025-08-20,100.0,call,0.21,0.25,0.21,36.0
2025-08-20,110.0,call,0.18,0.21,0.17,1.0
2025-08-20,120.0,call,0.15,0.18,0.15,27.0
2025-08-20,130.0,call,0.13,0.17,0.15,1.0
2025-08-20,140.0,call,0.12,0.14,0.14,1.0
2025-08-20,150.0,call,0.09,0.13,0.12,100.0
2025-08-20,160.0,call,0.08,0.11,0.1,1.0
2025-08-20,170.0,call,0.07,0.1,0.1,1000.0
2025-08-20,180.0,call,0.05,0.09,0.07,1.0
2025-08-20,190.0,call,0.06,0.09,0.07,100.0
2025-08-20,200.0,call,0.04,0.08,0.07,1.0
2025-08-20,10.0,put,0.0,0.0,0.02,1.0
2025-08-20,10.5,put,0.0,0.09,0.02,15.0
2025-08-20,11.0,put,0.0,0.08,0.01,20.0
2025-08-20,11.5,put,0.0,0.03,0.02,1.0
2025-08-20,12.0,put,0.0,0.03,0.02,10.0
2025-08-20,12.5,put,0.01,0.03,0.01,1.0
2025-08-20,13.0,put,0.02,0.04,0.02,10.0
2025-08-20,13.5,put,0.02,0.06,0.04,15.0
2025-08-20,14.0,put,0.04,0.06,0.05,98.0
2025-08-20,14.5,put,0.07,0.1,0.11,3.0
2025-08-20,15.0,put,0.12,0.14,0.12,416.0
2025-08-20,16.0,put,0.26,0.29,0.28,867.0
2025-08-20,17.0,put,0.5,0.55,0.56,10.0
2025-08-20,18.0,put,0.9,0.93,0.96,133.0
2025-08-20,19.0,put,1.37,1.42,1.47,23.0
2025-08-20,20.0,put,1.96,1.99,2.02,3495.0
2025-08-20,21.0,put,2.58,2.62,2.68,3246.0
2025-08-20,22.0,put,3.3,3.4,3.39,8.0
2025-08-20,23.0,put,4.0,4.1,4.0,10.0
2025-08-20,24.0,put,4.75,4.85,4.97,5.0
2025-08-20,25.0,put,5.55,5.7,5.7,221.0
2025-08-20,26.0,put,6.4,6.55,6.6,10.0
2025-08-20,27.0,put,7.2,7.3,7.35,3.0
2025-08-20,28.0,put,8.05,8.15,8.3,23.0
2025-08-20,29.0,put,8.95,9.05,9.22,5.0
2025-08-20,30.0,put,9.8,9.95,9.9,3.0
2025-08-20,31.0,put,10.75,10.85,11.0,5.0
2025-08-20,32.0,put,11.65,11.75,11.25,5.0
2025-08-20,33.0,put,12.5,12.6,12.55,6.0
2025-08-20,34.0,put,13.4,13.5,13.5,1.0
2025-08-20,35.0,put,14.35,14.5,14.0,10.0
2025-08-20,36.0,put,15.35,15.45,15.91,1.0
2025-08-20,37.0,put,16.2,16.35,16.05,5.0
2025-08-20,38.0,put,17.2,17.3,17.2,203.0
2025-08-20,39.0,put,18.1,18.25,18.35,1.0
2025-08-20,40.0,put,19.1,19.2,18.9,5.0
2025-08-20,42.5,put,21.5,21.7,21.9,778.0
2025-08-20,45.0,put,23.85,23.95,24.5,127.0
2025-08-20,47.5,put,26.3,26.45,26.83,1.0
2025-08-20,50.0,put,28.7,28.8,28.4,3.0
2025-08-20,55.0,put,33.55,33.65,33.61,5.0
2025-08-20,60.0,put,39.7,40.15,40.65,
2025-08-20,65.0,put,0.0,0.0,42.57,10.0
2025-08-20,75.0,put,54.6,55.3,54.5,
2025-08-20,80.0,put,59.05,59.65,59.65,
2025-08-20,100.0,put,77.7,77.95,78.55,1.0
2025-08-20,120.0,put,98.45,98.6,95.05,
2025-08-20,130.0,put,108.0,108.65,107.05,1.0
2025-08-20,150.0,put,127.1,127.35,123.73,1.0
2025-08-20,160.0,put,137.75,138.35,133.7,5.0
2025-08-20,170.0,put,0.0,0.0,143.8,
2025-08-20,180.0,put,157.1,157.25,157.87,4.0
2025-08-20,190.0,put,167.1,167.2,167.79,
2025-08-20,200.0,put,176.95,177.05,177.4,1.0
2025-09-17,10.0,call,11.85,12.0,11.5,1.0
2025-09-17,10.5,call,3.6,13.6,8.0,2.0
2025-09-17,11.0,call,10.8,10.95,10.7,8.0
2025-09-17,11.5,call,10.35,10.5,10.7,3.0
2025-09-17,12.0,call,9.85,9.95,9.7,75.0
2025-09-17,12.5,call,9.4,9.55,9.2,75.0
2025-09-17,13.0,call,8.9,9.05,8.7,100.0
2025-09-17,13.5,call,8.4,8.55,8.25,1.0
2025-09-17,14.0,call,7.95,8.05,7.75,35.0
2025-09-17,14.5,call,7.5,7.55,7.4,2.0
2025-09-17,15.0,call,7.0,7.15,6.9,9.0
2025-09-17,16.0,call,6.25,6.35,6.15,7.0
2025-09-17,17.0,call,5.55,5.65,5.55,50.0
2025-09-17,18.0,call,4.95,5.1,4.85,20.0
2025-09-17,19.0,call,4.5,4.6,4.2,42.0
2025-09-17,20.0,call,4.05,4.15,4.0,257.0
2025-09-17,21.0,call,3.7,3.85,3.75,121.0
2025-09-17,22.0,call,3.4,3.5,3.45,4725.0
2025-09-17,23.0,call,3.15,3.25,3.15,186.0
2025-09-17,24.0,call,2.95,3.0,2.99,46673.0
2025-09-17,25.0,call,2.77,2.8,2.77,2207.0
2025-09-17,26.0,call,2.55,2.63,2.55,18.0
2025-09-17,27.0,call,2.4,2.48,2.33,28.0
2025-09-17,28.0,call,2.25,2.33,2.18,25.0
2025-09-17,29.0,call,2.09,2.16,2.09,5004.0
2025-09-17,30.0,call,1.98,2.06,2.0,3587.0
2025-09-17,31.0,call,1.85,1.92,1.81,8.0
2025-09-17,32.0,call,1.75,1.82,1.75,10070.0
2025-09-17,33.0,call,1.67,1.74,1.65,32.0
2025-09-17,34.0,call,1.57,1.64,1.6,3.0
2025-09-17,35.0,call,1.51,1.56,1.51,179.0
2025-09-17,36.0,call,1.42,1.49,1.4,21.0
2025-09-17,37.0,call,1.37,1.43,1.28,1.0
2025-09-17,38.0,call,1.31,1.37,1.23,2.0
2025-09-17,39.0,call,1.24,1.3,1.2,152.0
2025-09-17,40.0,call,1.2,1.27,1.16,2336.0
2025-09-17,42.5,call,1.08,1.15,1.04,1205.0
2025-09-17,45.0,call,0.98,1.04,0.98,10.0
2025-09-17,47.5,call,0.9,0.96,0.97,1.0
2025-09-17,50.0,call,0.82,0.88,0.86,838.0
2025-09-17,55.0,call,0.7,0.77,0.68,1600.0
2025-09-17,60.0,call,0.6,0.66,0.61,4053.0
2025-09-17,65.0,call,0.53,0.58,0.55,6054.0
2025-09-17,70.0,call,0.47,0.52,0.45,658.0
2025-09-17,75.0,call,0.41,0.46,0.41,2085.0
2025-09-17,80.0,call,0.37,0.42,0.41,10009.0
2025-09-17,85.0,call,0.34,0.39,0.33,7.0
2025-09-17,90.0,call,0.31,0.34,0.31,228.0
2025-09-17,95.0,call,0.28,0.32,0.29,6710.0
2025-09-17,100.0,call,0.26,0.3,0.26,4725.0
2025-09-17,110.0,call,0.23,0.27,0.2,1.0
2025-09-17,120.0,call,0.2,0.24,0.25,3.0
2025-09-17,130.0,call,0.17,0.21,0.12,2.0
2025-09-17,140.0,call,0.16,0.19,0.16,9000.0
2025-09-17,150.0,call,0.14,0.16,0.15,9.0
2025-09-17,160.0,call,0.13,0.16,0.13,10.0
2025-09-17,170.0,call,0.12,0.16,0.07,100.0
2025-09-17,180.0,call,0.11,0.15,0.1,22.0
2025-09-17,190.0,call,0.1,0.14,0.11,1.0
2025-09-17,200.0,call,0.09,0.14,0.1,1.0
2025-09-17,10.0,put,0.0,0.01,0.01,60.0
2025-09-17,10.5,put,0.0,0.0,0.05,1.0
2025-09-17,11.0,put,0.0,0.08,0.02,3.0
2025-09-17,11.5,put,0.01,0.03,0.04,10.0
2025-09-17,12.0,put,0.01,0.02,0.01,2.0
2025-09-17,12.5,put,0.01,0.05,0.01,1.0
2025-09-17,13.0,put,0.02,0.07,0.04,15.0
2025-09-17,13.5,put,0.04,0.08,0.04,500.0
2025-09-17,14.0,put,0.07,0.11,0.1,6.0
2025-09-17,14.5,put,0.11,0.15,0.14,10.0
2025-09-17,15.0,put,0.17,0.2,0.2,51.0
2025-09-17,16.0,put,0.36,0.39,0.39,34.0
2025-09-17,17.0,put,0.66,0.71,0.71,104.0
2025-09-17,18.0,put,1.06,1.11,1.08,37.0
2025-09-17,19.0,put,1.53,1.59,1.62,455.0
2025-09-17,20.0,put,2.12,2.16,2.24,356.0
2025-09-17,21.0,put,2.76,2.8,2.8,202.0
2025-09-17,22.0,put,3.45,3.5,3.49,4444.0
2025-09-17,23.0,put,4.15,4.25,4.3,2.0
2025-09-17,24.0,put,4.9,5.05,5.03,1200.0
2025-09-17,25.0,put,5.7,5.8,5.74,1.0
2025-09-17,26.0,put,6.5,6.6,6.57,5.0
2025-09-17,27.0,put,7.35,7.45,7.39,1.0
2025-09-17,28.0,put,8.15,8.3,8.3,1.0
2025-09-17,29.0,put,9.0,9.15,9.15,1.0
2025-09-17,30.0,put,9.9,10.0,9.9,22.0
2025-09-17,31.0,put,10.75,10.85,11.2,2.0
2025-09-17,32.0,put,11.6,11.75,12.23,1.0
2025-09-17,33.0,put,12.5,12.65,12.62,5.0
2025-09-17,34.0,put,14.4,14.75,12.3,1.0
2025-09-17,35.0,put,14.35,14.5,14.09,10.0
2025-09-17,36.0,put,15.85,15.95,15.85,2.0
2025-09-17,37.0,put,0.0,0.0,17.35,1.0
2025-09-17,38.0,put,17.15,17.25,17.55,1.0
2025-09-17,39.0,put,19.2,19.7,17.4,5.0
2025-09-17,40.0,put,19.0,19.15,19.2,1.0
2025-09-17,42.5,put,21.3,21.45,21.25,2.0
2025-09-17,45.0,put,23.75,23.85,24.0,250.0
2025-09-17,47.5,put,25.65,26.55,27.45,2.0
2025-09-17,50.0,put,28.45,28.6,28.5,3.0
2025-09-17,55.0,put,0.0,0.0,34.1,3.0
2025-09-17,60.0,put,37.7,38.6,39.45,5.0
2025-09-17,75.0,put,52.4,52.7,53.7,1.0
2025-09-17,80.0,put,57.75,57.9,58.1,6.0
2025-09-17,100.0,put,77.35,77.5,77.7,6.0
2025-09-17,120.0,put,94.5,95.55,97.25,
2025-09-17,150.0,put,123.85,124.95,126.5,
2025-09-17,170.0,put,145.5,145.95,143.52,
2025-09-17,200.0,put,176.2,176.35,176.0,1.0
2025-10-22,10.0,call,11.8,12.0,11.65,6.0
2025-10-22,10.5,call,11.3,11.55,10.82,5.0
2025-10-22,11.0,call,10.8,11.05,11.0,2.0
2025-10-22,11.5,call,0.0,0.0,9.05,1.0
2025-10-22,12.0,call,9.85,10.0,9.55,1.0
2025-10-22,12.5,call,9.4,9.55,9.6,50.0
2025-10-22,13.0,call,8.9,9.05,8.8,2.0
2025-10-22,13.5,call,8.45,8.6,8.75,10.0
2025-10-22,14.0,call,8.0,8.15,7.7,10.0
2025-10-22,14.5,call,7.6,7.75,7.1,2.0
2025-10-22,15.0,call,7.15,7.3,7.1,12.0
2025-10-22,16.0,call,6.45,6.55,6.36,13.0
2025-10-22,17.0,call,5.8,5.95,5.7,29.0
2025-10-22,18.0,call,5.15,5.3,5.0,8.0
2025-10-22,19.0,call,4.7,4.85,4.65,27.0
2025-10-22,20.0,call,4.35,4.45,4.15,16.0
2025-10-22,21.0,call,3.95,4.1,4.0,11.0
2025-10-22,22.0,call,3.7,3.8,3.75,103.0
2025-10-22,23.0,call,3.4,3.55,3.4,18.0
2025-10-22,24.0,call,3.15,3.3,3.15,5.0
2025-10-22,25.0,call,2.98,3.05,3.0,7.0
2025-10-22,26.0,call,2.81,2.88,2.75,5.0
2025-10-22,27.0,call,2.62,2.69,2.58,1.0
2025-10-22,28.0,call,2.46,2.53,2.41,151.0
2025-10-22,29.0,call,2.32,2.39,2.39,2.0
2025-10-22,30.0,call,2.2,2.27,2.1,8.0
2025-10-22,31.0,call,2.08,2.16,2.03,1.0
2025-10-22,32.0,call,1.95,2.03,1.96,5.0
2025-10-22,33.0,call,1.87,1.95,1.73,18.0
2025-10-22,34.0,call,1.77,1.85,1.76,5.0
2025-10-22,35.0,call,1.68,1.76,1.69,24.0
2025-10-22,36.0,call,1.6,1.66,1.37,2.0
2025-10-22,37.0,call,1.51,1.58,1.55,5.0
2025-10-22,38.0,call,1.45,1.52,1.43,16.0
2025-10-22,39.0,call,1.39,1.45,1.43,6.0
2025-10-22,40.0,call,1.35,1.39,1.3,3622.0
2025-10-22,42.5,call,1.19,1.26,1.15,20.0
2025-10-22,45.0,call,1.09,1.16,1.02,1.0
2025-10-22,47.5,call,0.99,1.05,0.96,2.0
2025-10-22,50.0,call,0.91,0.97,0.93,9.0
2025-10-22,55.0,call,0.77,0.83,0.85,2.0
2025-10-22,60.0,call,0.67,0.73,0.64,14.0
2025-10-22,65.0,call,0.59,0.64,0.61,10.0
2025-10-22,70.0,call,0.52,0.57,0.52,18.0
2025-10-22,75.0,call,0.47,0.51,0.45,2.0
2025-10-22,80.0,call,0.42,0.47,0.45,21.0
2025-10-22,85.0,call,0.38,0.43,0.37,10.0
2025-10-22,90.0,call,0.35,0.37,0.36,2.0
2025-10-22,95.0,call,0.32,0.36,0.35,40.0
2025-10-22,100.0,call,0.29,0.33,0.3,18.0
2025-10-22,110.0,call,0.25,0.3,0.26,385.0
2025-10-22,120.0,call,0.06,0.26,0.21,1.0
2025-10-22,130.0,call,0.0,0.36,0.15,5.0
2025-10-22,150.0,call,0.16,0.19,0.16,3.0
2025-10-22,160.0,call,0.0,0.0,0.09,100.0
2025-10-22,170.0,call,0.02,0.19,0.11,
2025-10-22,180.0,call,0.04,0.24,0.07,200.0
2025-10-22,190.0,call,0.09,0.16,0.06,200.0
2025-10-22,200.0,call,0.1,0.13,0.09,72.0
2025-10-22,10.0,put,0.0,0.01,0.01,50.0
2025-10-22,10.5,put,0.0,0.0,0.02,7.0
2025-10-22,11.0,put,0.0,0.02,0.03,1.0
2025-10-22,11.5,put,0.0,0.03,0.01,1.0
2025-10-22,12.0,put,0.0,0.04,0.03,1.0
2025-10-22,12.5,put,0.01,0.05,0.05,30.0
2025-10-22,13.0,put,0.02,0.07,0.04,25.0
2025-10-22,13.5,put,0.05,0.09,0.09,179.0
2025-10-22,14.0,put,0.08,0.12,0.11,1.0
2025-10-22,14.5,put,0.14,0.16,0.16,4.0
2025-10-22,15.0,put,0.22,0.25,0.27,12.0
2025-10-22,16.0,put,0.45,0.49,0.49,5.0
2025-10-22,17.0,put,0.8,0.86,0.8,105.0
2025-10-22,18.0,put,1.22,1.29,1.28,3603.0
2025-10-22,19.0,put,1.71,1.77,1.77,10.0
2025-10-22,20.0,put,2.29,2.35,2.38,6.0
2025-10-22,21.0,put,2.93,2.98,3.0,1.0
2025-10-22,22.0,put,3.6,3.7,3.71,4.0
2025-10-22,23.0,put,4.3,4.45,4.35,1.0
2025-10-22,24.0,put,5.1,5.2,5.15,1.0
2025-10-22,25.0,put,5.85,6.0,6.05,7.0
2025-10-22,26.0,put,6.65,6.8,6.65,1.0
2025-10-22,27.0,put,7.45,7.6,7.45,200.0
2025-10-22,28.0,put,8.3,8.4,8.25,1.0
2025-10-22,29.0,put,9.15,9.25,9.3,1.0
2025-10-22,30.0,put,10.0,10.1,10.36,20.0
2025-10-22,31.0,put,11.05,11.25,12.0,5.0
2025-10-22,32.0,put,11.7,11.8,12.05,1.0
2025-10-22,33.0,put,12.9,13.15,12.16,1.0
2025-10-22,34.0,put,13.65,13.95,14.7,5.0
2025-10-22,35.0,put,14.4,14.5,14.75,36.0
2025-10-22,36.0,put,15.3,15.45,15.35,1.0
2025-10-22,37.0,put,16.2,16.35,16.05,11.0
2025-10-22,38.0,put,16.85,17.25,18.4,1.0
2025-10-22,39.0,put,18.0,18.15,18.15,1.0
2025-10-22,40.0,put,18.95,19.1,19.0,1.0
2025-10-22,42.5,put,21.25,21.4,21.3,1.0
2025-10-22,45.0,put,23.95,24.15,25.0,9.0
2025-10-22,47.5,put,26.0,26.15,26.06,1.0
2025-10-22,50.0,put,28.4,28.55,28.3,1.0
2025-10-22,55.0,put,33.35,33.8,32.5,10.0
2025-10-22,60.0,put,38.0,38.15,38.0,
2025-10-22,65.0,put,42.85,43.0,43.15,
2025-10-22,75.0,put,53.1,53.7,53.95,
2025-10-22,80.0,put,0.0,0.0,56.7,6.0
2025-10-22,85.0,put,0.0,0.0,61.3,1.0
2025-10-22,90.0,put,67.25,67.4,67.75,
2025-10-22,100.0,put,0.0,0.0,77.95,
2025-10-22,150.0,put,125.85,126.25,123.8,
2025-11-19,10.0,call,11.7,11.95,11.29,5.0
2025-11-19,11.0,call,10.7,11.0,10.4,3.0
2025-11-19,12.0,call,9.75,10.0,9.42,1.0
2025-11-19,12.5,call,9.05,9.85,8.0,1.0
2025-11-19,13.0,call,8.8,9.05,8.55,9.0
2025-11-19,13.5,call,8.35,8.55,8.0,4.0
2025-11-19,14.0,call,7.9,8.15,7.55,25.0
2025-11-19,14.5,call,7.4,7.85,7.5,1.0
2025-11-19,15.0,call,7.0,7.45,7.1,4.0
2025-11-19,16.0,call,6.3,6.55,6.35,5.0
2025-11-19,17.0,call,5.7,6.05,5.65,18.0
2025-11-19,18.0,call,5.15,5.4,5.45,5.0
2025-11-19,19.0,call,4.7,4.95,4.8,1.0
2025-11-19,20.0,call,4.4,4.5,4.3,25.0
2025-11-19,21.0,call,4.05,4.2,4.05,1.0
2025-11-19,22.0,call,3.75,3.9,3.75,4200.0
2025-11-19,23.0,call,3.5,3.6,3.44,26.0
2025-11-19,24.0,call,3.25,3.4,3.25,5.0
2025-11-19,25.0,call,3.05,3.2,3.0,2.0
2025-11-19,26.0,call,2.9,2.97,2.85,1.0
2025-11-19,27.0,call,2.74,2.81,2.77,12.0
2025-11-19,28.0,call,2.56,2.65,2.5,23.0
2025-11-19,29.0,call,2.42,2.51,2.33,2.0
2025-11-19,30.0,call,2.29,2.37,2.26,45.0
2025-11-19,31.0,call,2.17,2.25,2.11,1.0
2025-11-19,32.0,call,2.07,2.14,2.03,1.0
2025-11-19,33.0,call,1.97,2.05,1.93,110.0
2025-11-19,34.0,call,1.86,1.94,1.82,2.0
2025-11-19,35.0,call,1.77,1.85,1.78,10.0
2025-11-19,36.0,call,1.68,1.76,1.5,10.0
2025-11-19,37.0,call,1.62,1.69,1.59,20.0
2025-11-19,38.0,call,1.53,1.61,1.51,20.0
2025-11-19,39.0,call,1.47,1.55,1.3,10.0
2025-11-19,40.0,call,1.4,1.48,1.41,21100.0
2025-11-19,42.5,call,1.27,1.34,1.24,1.0
2025-11-19,45.0,call,1.15,1.22,1.13,1.0
2025-11-19,47.5,call,1.04,1.11,1.02,4.0
2025-11-19,50.0,call,0.96,1.02,0.98,14.0
2025-11-19,55.0,call,0.81,0.87,0.83,21.0
2025-11-19,60.0,call,0.69,0.75,0.68,500.0
2025-11-19,65.0,call,0.6,0.66,0.66,6.0
2025-11-19,70.0,call,0.53,0.59,0.54,26.0
2025-11-19,75.0,call,0.47,0.53,0.45,25.0
2025-11-19,80.0,call,0.42,0.48,0.4,4.0
2025-11-19,85.0,call,0.38,0.43,0.4,10.0
2025-11-19,90.0,call,0.35,0.4,0.35,15007.0
2025-11-19,95.0,call,0.32,0.36,0.35,3.0
2025-11-19,100.0,call,0.29,0.33,0.33,303.0
2025-11-19,110.0,call,0.08,0.34,0.26,
2025-11-19,120.0,call,0.23,0.27,0.16,100.0
2025-11-19,130.0,call,0.12,0.24,0.2,1.0
2025-11-19,140.0,call,0.17,0.2,0.12,102.0
2025-11-19,150.0,call,0.15,0.19,0.08,1.0
2025-11-19,160.0,call,0.14,0.17,0.1,100.0
2025-11-19,170.0,call,0.0,0.21,0.1,
2025-11-19,180.0,call,0.12,0.16,0.1,193.0
2025-11-19,190.0,call,0.11,0.15,0.11,
2025-11-19,200.0,call,0.1,0.13,0.1,10.0
2025-11-19,10.0,put,0.0,0.01,0.01,1.0
2025-11-19,10.5,put,0.0,0.04,0.01,
2025-11-19,11.0,put,0.0,0.06,0.01,5.0
2025-11-19,11.5,put,0.0,0.03,0.01,10.0
2025-11-19,12.0,put,0.0,0.05,0.02,10.0
2025-11-19,12.5,put,0.02,0.06,0.03,1.0
2025-11-19,13.0,put,0.02,0.07,0.04,30.0
2025-11-19,13.5,put,0.05,0.1,0.07,10.0
2025-11-19,14.0,put,0.09,0.13,0.1,1.0
2025-11-19,14.5,put,0.15,0.19,0.18,4.0
2025-11-19,15.0,put,0.25,0.28,0.29,32.0
2025-11-19,16.0,put,0.51,0.56,0.54,2.0
2025-11-19,17.0,put,0.88,0.94,0.89,3.0
2025-11-19,18.0,put,1.32,1.39,1.38,3600.0
2025-11-19,19.0,put,1.84,1.91,1.92,1.0
2025-11-19,20.0,put,2.43,2.5,2.4,25.0
2025-11-19,21.0,put,3.05,3.15,3.12,30.0
2025-11-19,22.0,put,3.75,3.85,3.85,4200.0
2025-11-19,23.0,put,4.45,4.55,4.6,2.0
2025-11-19,24.0,put,5.2,5.35,5.25,1.0
2025-11-19,25.0,put,6.0,6.1,6.1,9.0
2025-11-19,26.0,put,6.75,6.9,6.9,1.0
2025-11-19,27.0,put,7.6,7.7,7.55,1.0
2025-11-19,28.0,put,8.4,8.55,8.3,1.0
2025-11-19,29.0,put,9.25,9.4,9.15,1.0
2025-11-19,30.0,put,9.95,10.6,10.79,1.0
2025-11-19,31.0,put,11.1,11.55,11.95,
2025-11-19,32.0,put,12.7,12.95,11.15,1.0
2025-11-19,33.0,put,12.65,12.8,12.75,2.0
2025-11-19,34.0,put,14.5,14.75,13.4,1.0
2025-11-19,35.0,put,14.15,14.6,15.55,20.0
2025-11-19,36.0,put,15.7,16.2,15.0,5.0
2025-11-19,37.0,put,16.25,16.45,16.3,1.0
2025-11-19,38.0,put,17.05,17.75,17.75,2.0
2025-11-19,39.0,put,18.05,18.9,16.8,1.0
2025-11-19,40.0,put,19.0,19.2,19.25,1.0
2025-11-19,42.5,put,21.25,21.5,21.68,2.0
2025-11-19,45.0,put,24.3,24.95,22.6,2.0
2025-11-19,47.5,put,26.05,26.7,25.5,4.0
2025-11-19,50.0,put,28.75,28.95,29.15,1.0
2025-11-19,60.0,put,37.7,38.35,37.3,
2025-11-19,70.0,put,46.9,48.1,48.74,1.0
2025-11-19,75.0,put,52.35,52.7,52.85,1.0
2025-11-19,85.0,put,0.0,0.0,63.05,7.0
2025-11-19,120.0,put,96.2,96.6,96.65,
2025-11-19,130.0,put,106.05,106.45,106.5,1.0
2025-11-19,150.0,put,0.0,0.0,125.05,
2025-12-17,10.0,call,11.5,11.8,11.69,11.0
2025-12-17,10.5,call,11.0,11.3,11.3,10.0
2025-12-17,11.0,call,10.5,10.85,10.11,1.0
2025-12-17,11.5,call,0.0,0.0,10.59,1000.0
2025-12-17,12.0,call,9.55,9.85,9.55,100.0
2025-12-17,12.5,call,9.05,9.4,8.6,50.0
2025-12-17,13.0,call,8.6,8.9,8.7,1.0
2025-12-17,13.5,call,8.15,8.45,8.5,2.0
2025-12-17,14.0,call,7.7,8.0,7.5,7.0
2025-12-17,14.5,call,7.3,7.65,7.35,7.0
2025-12-17,15.0,call,6.95,7.25,7.31,17.0
2025-12-17,16.0,call,6.15,6.55,6.55,17.0
2025-12-17,17.0,call,5.7,5.85,5.65,21.0
2025-12-17,18.0,call,5.1,5.3,5.1,25.0
2025-12-17,19.0,call,4.7,5.0,4.9,29.0
2025-12-17,20.0,call,4.35,4.5,4.35,33.0
2025-12-17,21.0,call,4.0,4.15,4.1,1.0
2025-12-17,22.0,call,3.7,3.9,3.75,31.0
2025-12-17,23.0,call,3.45,3.6,3.45,3.0
2025-12-17,24.0,call,3.2,3.4,3.2,2.0
2025-12-17,25.0,call,3.0,3.15,3.0,37.0
2025-12-17,26.0,call,2.83,2.97,3.0,7.0
2025-12-17,27.0,call,2.68,2.82,2.75,1.0
2025-12-17,28.0,call,2.52,2.65,2.51,4.0
2025-12-17,29.0,call,2.4,2.52,2.31,10.0
2025-12-17,30.0,call,2.26,2.32,2.37,2.0
2025-12-17,31.0,call,2.16,2.27,2.25,19.0
2025-12-17,32.0,call,2.05,2.15,2.03,8.0
2025-12-17,33.0,call,1.95,2.04,2.01,2.0
2025-12-17,34.0,call,1.86,1.96,1.84,2.0
2025-12-17,35.0,call,1.78,1.86,1.75,28.0
2025-12-17,36.0,call,1.7,1.78,1.62,16.0
2025-12-17,37.0,call,1.62,1.7,1.58,1.0
2025-12-17,38.0,call,1.55,1.64,1.58,10.0
2025-12-17,39.0,call,1.49,1.57,1.45,600.0
2025-12-17,40.0,call,1.44,1.5,1.4,15.0
2025-12-17,42.5,call,1.28,1.36,1.22,29.0
2025-12-17,45.0,call,1.16,1.24,1.22,1.0
2025-12-17,47.5,call,1.05,1.13,1.01,30.0
2025-12-17,50.0,call,0.96,1.04,0.96,18.0
2025-12-17,55.0,call,0.8,0.88,0.8,10.0
2025-12-17,60.0,call,0.69,0.78,0.66,9.0
2025-12-17,65.0,call,0.59,0.67,0.59,9.0
2025-12-17,70.0,call,0.52,0.59,0.54,20.0
2025-12-17,75.0,call,0.47,0.53,0.47,58.0
2025-12-17,80.0,call,0.42,0.48,0.38,30.0
2025-12-17,85.0,call,0.37,0.43,0.39,2.0
2025-12-17,90.0,call,0.34,0.4,0.39,3.0
2025-12-17,95.0,call,0.31,0.36,0.34,2.0
2025-12-17,100.0,call,0.28,0.34,0.3,400.0
2025-12-17,110.0,call,0.24,0.29,0.25,5.0
2025-12-17,120.0,call,0.21,0.26,0.19,3.0
2025-12-17,130.0,call,0.18,0.24,0.15,80.0
2025-12-17,140.0,call,0.0,0.0,0.13,10.0
2025-12-17,150.0,call,0.0,0.0,0.09,1.0
2025-12-17,160.0,call,0.13,0.17,0.1,3.0
2025-12-17,200.0,call,0.09,0.13,0.11,1.0
2025-12-17,10.0,put,0.0,0.02,0.02,1.0
2025-12-17,10.5,put,0.01,0.02,0.01,1.0
2025-12-17,11.0,put,0.0,0.13,0.01,167.0
2025-12-17,11.5,put,0.01,0.05,0.03,78.0
2025-12-17,12.0,put,0.01,0.06,0.03,39.0
2025-12-17,12.5,put,0.03,0.07,0.01,1.0
2025-12-17,13.0,put,0.06,0.11,0.06,1.0
2025-12-17,13.5,put,0.12,0.16,0.12,10.0
2025-12-17,14.0,put,0.16,0.2,0.21,10.0
2025-12-17,14.5,put,0.24,0.31,0.28,5.0
2025-12-17,15.0,put,0.35,0.4,0.4,24.0
2025-12-17,16.0,put,0.62,0.7,0.65,2.0
2025-12-17,17.0,put,1.0,1.08,1.02,36.0
2025-12-17,18.0,put,1.46,1.55,1.45,116.0
2025-12-17,19.0,put,1.99,2.09,2.07,135.0
2025-12-17,20.0,put,2.55,2.67,2.65,1.0
2025-12-17,21.0,put,3.2,3.35,3.2,1.0
2025-12-17,22.0,put,3.9,4.0,4.05,169.0
2025-12-17,23.0,put,4.6,4.75,4.8,3.0
2025-12-17,24.0,put,5.35,5.5,5.37,4.0
2025-12-17,25.0,put,6.05,6.25,6.4,26.0
2025-12-17,26.0,put,6.9,7.05,7.15,1.0
2025-12-17,27.0,put,7.45,7.8,8.5,5.0
2025-12-17,28.0,put,8.55,8.7,8.8,1.0
2025-12-17,29.0,put,8.75,10.15,10.22,1.0
2025-12-17,30.0,put,10.2,10.4,10.35,4.0
2025-12-17,31.0,put,11.05,11.2,11.2,7.0
2025-12-17,32.0,put,11.4,12.75,12.85,5.0
2025-12-17,33.0,put,12.85,13.0,13.2,1.0
2025-12-17,34.0,put,13.7,13.85,14.0,2.0
2025-12-17,35.0,put,14.6,14.75,14.9,5.0
2025-12-17,37.0,put,15.75,17.25,17.54,10.0
2025-12-17,38.0,put,17.3,17.5,17.15,1.0
2025-12-17,39.0,put,0.0,0.0,19.3,1.0
2025-12-17,40.0,put,19.15,19.3,19.15,2.0
2025-12-17,42.5,put,21.45,21.6,21.8,1.0
2025-12-17,45.0,put,23.75,23.95,24.1,1.0
2025-12-17,47.5,put,26.1,26.3,26.08,1.0
2025-12-17,50.0,put,28.4,28.65,28.55,1.0
2025-12-17,55.0,put,0.0,0.0,32.9,1.0
2025-12-17,60.0,put,37.8,38.35,38.5,1.0
2025-12-17,70.0,put,0.0,0.0,47.2,1.0
2025-12-17,80.0,put,56.35,58.95,53.3,
2025-12-17,200.0,put,0.0,0.0,173.31,60.0
2026-01-21,10.0,call,11.85,12.3,11.5,1.0
2026-01-21,10.5,call,0.0,0.0,11.24,750.0
2026-01-21,11.0,call,10.75,11.25,10.79,1.0
2026-01-21,11.5,call,10.4,10.85,10.6,50.0
2026-01-21,12.0,call,9.9,10.4,9.4,4.0
2026-01-21,12.5,call,9.25,9.8,8.85,10.0
2026-01-21,13.0,call,8.85,9.35,8.6,4.0
2026-01-21,13.5,call,8.5,9.0,8.21,
2026-01-21,14.0,call,8.1,8.6,8.15,1.0
2026-01-21,14.5,call,7.65,8.15,7.95,1.0
2026-01-21,15.0,call,7.3,7.75,7.4,3.0
2026-01-21,16.0,call,6.55,7.05,6.7,10.0
2026-01-21,17.0,call,5.85,6.25,6.0,5.0
2026-01-21,18.0,call,5.4,5.75,5.3,3.0
2026-01-21,19.0,call,4.95,5.4,5.1,23.0
2026-01-21,20.0,call,4.6,4.9,4.75,30.0
2026-01-21,21.0,call,4.25,4.55,4.35,30.0
2026-01-21,22.0,call,3.95,4.15,3.97,5.0
2026-01-21,23.0,call,3.65,3.95,3.75,9.0
2026-01-21,24.0,call,3.4,3.7,3.59,6.0
2026-01-21,25.0,call,3.2,3.6,3.4,25.0
2026-01-21,26.0,call,3.0,3.25,3.1,4.0
2026-01-21,27.0,call,2.83,3.05,2.82,1.0
2026-01-21,28.0,call,2.68,2.87,2.65,9.0
2026-01-21,29.0,call,2.53,2.73,2.7,2.0
2026-01-21,30.0,call,2.42,2.6,2.48,8.0
2026-01-21,31.0,call,2.29,2.48,2.1,4.0
2026-01-21,32.0,call,2.17,2.36,2.17,1.0
2026-01-21,33.0,call,2.07,2.27,2.19,4.0
2026-01-21,34.0,call,1.99,2.17,2.22,10.0
2026-01-21,35.0,call,1.92,2.1,2.05,2.0
2026-01-21,36.0,call,1.82,1.99,2.05,1.0
2026-01-21,37.0,call,1.74,1.91,1.68,88.0
2026-01-21,39.0,call,1.59,1.77,1.53,4.0
2026-01-21,40.0,call,1.54,1.7,1.58,8.0
2026-01-21,42.5,call,1.39,1.54,1.55,2.0
2026-01-21,45.0,call,1.24,1.35,1.25,54.0
2026-01-21,47.5,call,1.12,1.26,1.17,12.0
2026-01-21,50.0,call,1.02,1.17,1.1,10.0
2026-01-21,55.0,call,0.84,0.98,0.9,1.0
2026-01-21,60.0,call,0.72,0.84,0.78,1.0
2026-01-21,65.0,call,0.62,0.73,0.68,2605.0
2026-01-21,70.0,call,0.53,0.64,0.6,1.0
2026-01-21,75.0,call,0.46,0.56,0.46,51.0
2026-01-21,80.0,call,0.4,0.5,0.42,1.0
2026-01-21,85.0,call,0.36,0.45,0.42,
2026-01-21,90.0,call,0.32,0.4,0.36,10.0
2026-01-21,95.0,call,0.29,0.37,0.32,2.0
2026-01-21,100.0,call,0.26,0.34,0.3,325.0
2026-01-21,120.0,call,0.18,0.26,0.28,2.0
2026-01-21,140.0,call,0.14,0.2,0.19,5.0
2026-01-21,150.0,call,0.12,0.19,0.18,4.0
2026-01-21,10.0,put,0.0,0.05,0.03,10.0
2026-01-21,10.5,put,0.01,0.07,0.02,1290.0
2026-01-21,11.0,put,0.02,0.08,0.04,262.0
2026-01-21,11.5,put,0.04,0.05,0.05,40.0
2026-01-21,12.0,put,0.06,0.12,0.07,101.0
2026-01-21,12.5,put,0.08,0.1,0.08,100.0
2026-01-21,13.0,put,0.11,0.13,0.12,70.0
2026-01-21,13.5,put,0.14,0.2,0.2,8.0
2026-01-21,14.0,put,0.18,0.25,0.22,100.0
2026-01-21,14.5,put,0.24,0.31,0.35,1.0
2026-01-21,15.0,put,0.31,0.39,0.38,13.0
2026-01-21,16.0,put,0.52,0.61,0.64,3.0
2026-01-21,17.0,put,0.85,0.96,0.96,98.0
2026-01-21,18.0,put,1.26,1.4,1.37,10.0
2026-01-21,19.0,put,1.79,1.95,2.02,1.0
2026-01-21,20.0,put,2.36,2.54,2.49,10.0
2026-01-21,21.0,put,2.99,3.2,3.05,10.0
2026-01-21,22.0,put,3.65,3.85,3.6,10.0
2026-01-21,23.0,put,4.3,4.7,5.44,
2026-01-21,24.0,put,5.0,5.25,5.4,10.0
2026-01-21,25.0,put,5.75,6.0,6.05,5.0
2026-01-21,26.0,put,6.55,6.8,6.65,1.0
2026-01-21,27.0,put,7.15,8.25,7.4,2.0
2026-01-21,30.0,put,8.9,11.0,10.93,6.0
2026-01-21,40.0,put,18.7,18.95,19.1,
2026-01-21,45.0,put,23.45,24.05,24.6,1.0
2026-01-21,55.0,put,0.0,0.0,32.62,
2026-01-21,140.0,put,0.0,0.0,114.56,
2026-01-21,150.0,put,124.35,124.85,124.65,1.0
2026-02-18,10.0,call,11.25,12.95,12.5,2.0
2026-02-18,11.0,call,10.25,12.0,11.3,2.0
2026-02-18,11.5,call,10.25,11.2,10.2,2.0
2026-02-18,12.0,call,9.8,10.7,10.35,5.0
2026-02-18,12.5,call,9.45,10.25,9.2,
2026-02-18,13.0,call,8.9,9.85,9.3,10.0
2026-02-18,13.5,call,8.45,9.35,8.5,
2026-02-18,14.0,call,8.0,8.9,8.25,10.0
2026-02-18,14.5,call,7.6,8.45,7.65,1.0
2026-02-18,15.0,call,7.2,8.05,7.3,1.0
2026-02-18,16.0,call,6.5,7.35,6.7,1.0
2026-02-18,17.0,call,6.0,6.7,6.0,7.0
2026-02-18,18.0,call,5.4,5.85,5.75,3.0
2026-02-18,19.0,call,4.9,5.85,5.36,3.0
2026-02-18,20.0,call,4.85,5.25,4.8,3.0
2026-02-18,21.0,call,4.2,5.05,4.6,10.0
2026-02-18,22.0,call,4.0,4.65,4.15,2.0
2026-02-18,23.0,call,3.7,4.4,4.2,20.0
2026-02-18,24.0,call,3.45,4.15,3.75,6.0
2026-02-18,25.0,call,3.2,3.7,3.65,4.0
2026-02-18,26.0,call,2.9,3.7,2.99,
2026-02-18,28.0,call,2.82,3.3,3.0,163.0
2026-02-18,29.0,call,2.39,3.1,2.6,160.0
2026-02-18,30.0,call,2.42,2.95,2.5,160.0
2026-02-18,31.0,call,2.2,2.91,2.35,1.0
2026-02-18,32.0,call,2.15,2.79,2.2,160.0
2026-02-18,34.0,call,1.81,2.59,2.1,24.0
2026-02-18,35.0,call,1.72,2.5,2.09,1.0
2026-02-18,36.0,call,1.62,2.42,1.9,1.0
2026-02-18,37.0,call,1.55,2.33,2.02,
2026-02-18,38.0,call,1.49,2.26,1.86,1.0
2026-02-18,40.0,call,1.32,2.11,2.0,10.0
2026-02-18,42.5,call,1.54,1.95,1.4,
2026-02-18,45.0,call,1.04,1.81,1.5,20.0
2026-02-18,50.0,call,1.15,1.57,1.15,1.0
2026-02-18,55.0,call,0.66,1.38,1.45,
2026-02-18,60.0,call,0.56,1.22,0.95,2.0
2026-02-18,65.0,call,0.45,1.1,1.0,2.0
2026-02-18,70.0,call,0.55,0.7,0.65,14.0
2026-02-18,75.0,call,0.28,0.63,0.57,17.0
2026-02-18,80.0,call,0.44,0.56,0.5,23.0
2026-02-18,85.0,call,0.25,0.49,0.49,1.0
2026-02-18,90.0,call,0.17,0.45,0.44,30.0
2026-02-18,95.0,call,0.14,0.41,0.38,18.0
2026-02-18,100.0,call,0.2,0.54,0.47,5.0
2026-02-18,120.0,call,0.05,0.47,0.4,
2026-02-18,150.0,call,0.06,0.34,0.23,3.0
2026-02-18,10.0,put,0.01,0.23,0.05,2.0
2026-02-18,12.5,put,0.01,0.17,0.12,5.0
2026-02-18,13.0,put,0.14,0.16,0.15,1.0
2026-02-18,13.5,put,0.07,0.36,0.18,
2026-02-18,14.0,put,0.1,0.25,0.34,
2026-02-18,14.5,put,0.06,0.55,0.11,24.0
2026-02-18,15.0,put,0.3,0.46,0.45,1.0
2026-02-18,16.0,put,0.55,0.88,0.81,3.0
2026-02-18,17.0,put,0.77,1.35,0.97,9.0
2026-02-18,18.0,put,1.19,1.74,1.75,1.0
2026-02-18,19.0,put,1.69,2.34,1.92,16.0
2026-02-18,20.0,put,2.24,2.94,2.65,1.0
2026-02-18,21.0,put,2.86,3.6,3.0,
2026-02-18,22.0,put,3.5,4.25,4.0,
2026-02-18,23.0,put,4.15,5.0,4.85,1.0
2026-02-18,24.0,put,4.85,5.7,6.0,
2026-02-18,30.0,put,9.55,10.1,10.52,
2026-02-18,140.0,put,113.4,115.65,114.82,20.0
2026-02-18,150.0,put,123.1,125.35,124.25,1.0
